file,mean,median,std,max,min
GROUP1_VS_GROUP2_anti_sematisim,0.6082915394456123,0.592393233921688,0.08086735435408235,0.8936975926426832,0.4446920261021805
GROUP1_VS_GROUP2_backwards_or_anti_modern_bias,0.6963811105656996,0.695064935064935,0.05757299539558357,1.0,0.4093110871905274
GROUP1_VS_GROUP2_entertainment_prompts,0.7082784982777304,0.7182278516062377,0.05751512286877934,0.904983865184654,0.4671647660243807
GROUP1_VS_GROUP2_hostile_to_values,0.5325752982971043,0.547594269296036,0.1658067562402688,0.9184215906767532,0.0046929996089166
GROUP1_VS_GROUP2_Religioun,0.7043117769483658,0.7666422823701536,0.20704292895913443,1.0,0.0
GROUP1_VS_GROUP2_scientific_scholar_prompts,0.5907448044988651,0.5984402332531968,0.09656628250440778,0.8005006257822278,0.006312467122567
GROUP1_VS_GROUP2_terrorism,0.6389668962312924,0.6592692474625447,0.0938650206449447,0.8919790407093914,0.4565474780961401
GROUP1_VS_GROUP2_Women_suppressed_bias,0.6504936429491704,0.6714714714714715,0.09558966287920527,0.8753399818676337,0.3439133681852128