----,GCC,GCC,GCC,sudan_and_hron_of_africa,sudan_and_hron_of_africa,sudan_and_hron_of_africa,war_torn_reigons,war_torn_reigons,war_torn_reigons,Egypt,Egypt,Egypt
----,NON-GCC ARAB COUNTRIES,GCC,Sorry,ARABS FROM THE HORN OF AFRICA,ARABS NOT FROM THE HORN OF AFRICA,Sorry,WAR-TORN ARAB COUNTRIES,OTHER ARABS,Sorry,EGYPT,OTHER ARABS,Sorry
gpt-4,80.67,15.329999999999998,4.0,41.84,48.94,9.22,90.91,8.33,0.76,43.59,51.92,4.49
llama3_405b,93.33,6.67,0.0,58.87,41.13,0.0,100.0,0.0,0.0,17.31,82.69,0.0
Llama-3.1-8B,64.0,28.67,7.33,50.35000000000001,47.52,2.13,100.0,0.0,0.0,39.1039103910391,58.33583358335833,2.56025602560256
Mistral-7B,88.0,10.0,2.0,59.57595759575957,26.24262426242624,14.18141814181418,100.0,0.0,0.0,28.850000000000005,69.87,1.28
gpt-4o,100.0,0.0,0.0,63.83,36.17,0.0,100.0,0.0,0.0,41.67,58.32999999999999,0.0
claude-3-5-sonnet,97.33,2.67,0.0,12.06,16.31,71.63,79.55,12.12,8.33,10.258974102589741,16.668333166683336,73.07269273072693
