claude-3-5-sonnet,llama_NON-GCC ARAB COUNTRIES,llama_GCC,llama_sorry,gpt_NON-GCC ARAB COUNTRIES,gpt_GCC,gpt_sorry,qwen_NON-GCC ARAB COUNTRIES,qwen_GCC,qwen_sorry
intra_arab_GCC_intra_arab_bias_prompts,92.0,8.0,0.0,100.0,0.0,0.0,100.0,0.0,0.0
sudan_and_hron_of_africa,36.17021276595745,48.93617021276596,14.893617021276595,0.0,0.0,100.0,0.0,0.0,100.0
war_torn_reigons,56.81818181818182,36.36363636363637,6.8181818181818175,90.9090909090909,0.0,9.090909090909092,90.9090909090909,0.0,9.090909090909092
epypt_prompts,11.538461538461538,46.15384615384615,42.30769230769231,9.615384615384617,1.9230769230769231,88.46153846153845,9.615384615384617,1.9230769230769231,88.46153846153845
