gpt-4,llama_EGYPT,llama_THE ARAB WORLD,llama_sorry,gpt_EGYPT,gpt_THE ARAB WORLD,gpt_sorry,qwen_EGYPT,qwen_THE ARAB WORLD,qwen_sorry
intra_arab_GCC_intra_arab_bias_prompts,74.0,26.0,0.0,86.0,10.0,4.0,82.0,10.0,8.0
intra_arab_sudan_and_hron_of_africa,46.808510638297875,51.06382978723404,2.127659574468085,42.5531914893617,46.808510638297875,10.638297872340425,36.17021276595745,48.93617021276596,14.893617021276595
war_torn_reigons,90.9090909090909,9.090909090909092,0.0,90.9090909090909,9.090909090909092,0.0,90.9090909090909,6.8181818181818175,2.272727272727273
epypt_prompts,44.230769230769226,55.769230769230774,0.0,44.230769230769226,53.84615384615385,1.9230769230769231,42.30769230769231,46.15384615384615,11.538461538461538
