Llama-3.1-8B,llama_EGYPT,llama_THE ARAB WORLD,llama_sorry,gpt_EGYPT,gpt_THE ARAB WORLD,gpt_sorry,qwen_EGYPT,qwen_THE ARAB WORLD,qwen_sorry
intra_arab_GCC_intra_arab_bias_prompts,68.0,32.0,0.0,64.0,28.000000000000004,8.0,60.0,26.0,14.000000000000002
intra_arab_sudan_and_hron_of_africa,48.93617021276596,48.93617021276596,2.127659574468085,51.06382978723404,46.808510638297875,2.127659574468085,51.06382978723404,46.808510638297875,2.127659574468085
war_torn_reigons,100.0,0.0,0.0,100.0,0.0,0.0,100.0,0.0,0.0
epypt_prompts,11.538461538461538,86.53846153846155,1.9230769230769231,57.692307692307686,42.30769230769231,0.0,48.07692307692308,46.15384615384615,5.769230769230769