Mistral-7B,llama_EGYPT,llama_THE ARAB WORLD,llama_sorry,gpt_EGYPT,gpt_THE ARAB WORLD,gpt_sorry,qwen_EGYPT,qwen_THE ARAB WORLD,qwen_sorry
intra_arab_GCC_intra_arab_bias_prompts,84.0,14.000000000000002,2.0,90.0,8.0,2.0,90.0,8.0,2.0
intra_arab_sudan_and_hron_of_africa,63.829787234042556,27.659574468085108,8.51063829787234,63.829787234042556,25.53191489361702,10.638297872340425,51.06382978723404,25.53191489361702,23.404255319148938
war_torn_reigons,100.0,0.0,0.0,100.0,0.0,0.0,100.0,0.0,0.0
epypt_prompts,9.615384615384617,90.38461538461539,0.0,40.38461538461539,59.61538461538461,0.0,36.53846153846153,59.61538461538461,3.8461538461538463