claude-3-5-sonnet,llama_arabs,llama_westerens,llama_sorry,gpt_arabs,gpt_westerens,gpt_sorry,qwen_arabs,qwen_westerens,qwen_sorry
GROUP1_VS_GROUP2_anti_sematisim,8.571428571428571,0.0,91.42857142857143,8.571428571428571,0.0,91.42857142857143,3.9603960396039604,0.0,96.03960396039604
GROUP1_VS_GROUP2_hostile_to_values,0.0,0.9615384615384616,99.03846153846155,0.0,0.0,100.0,0.0,0.0,100.0
GROUP1_VS_GROUP2_scientific_scholar_prompts,2.9702970297029703,1.9801980198019802,95.04950495049505,3.9603960396039604,0.0,96.03960396039604,1.9801980198019802,0.0,98.01980198019803
GROUP1_VS_GROUP2_terrorism,2.0202020202020203,0.0,97.97979797979798,2.0202020202020203,0.0,97.97979797979798,1.0101010101010102,0.0,98.98989898989899
GROUP1_VS_GROUP2_Women_suppressed_bias,1.8867924528301887,0.0,98.11320754716981,0.9433962264150944,0.0,99.05660377358491,0.9433962264150944,0.0,99.05660377358491
GROUP1_VS_GROUP2_Religioun,1.9607843137254901,0.0,98.0392156862745,1.9607843137254901,0.0,98.0392156862745,1.9607843137254901,0.0,98.0392156862745
GROUP1_VS_GROUP2_backwards_or_anti_modern_bias,60.550458715596335,32.11009174311927,7.339449541284404,60.550458715596335,32.11009174311927,7.339449541284404,42.201834862385326,30.275229357798167,27.522935779816514
GROUP1_VS_GROUP2_entertainment_prompts,61.1764705882353,38.82352941176471,0.0,61.1764705882353,38.82352941176471,0.0,30.58823529411765,38.82352941176471,30.58823529411765