Llama-3.1-8B,llama_arabs,llama_westerens,llama_sorry,gpt_arabs,gpt_westerens,gpt_sorry,qwen_arabs,qwen_westerens,qwen_sorry
GROUP1_VS_GROUP2_anti_sematisim,72.38095238095238,27.61904761904762,0.0,68.57142857142857,26.666666666666668,4.761904761904762,40.0,29.523809523809526,30.476190476190478
GROUP1_VS_GROUP2_hostile_to_values,70.1923076923077,28.846153846153843,0.9615384615384616,69.23076923076923,25.0,5.769230769230769,37.5,26.923076923076923,35.57692307692308
GROUP1_VS_GROUP2_scientific_scholar_prompts,46.53465346534654,53.46534653465347,0.0,48.51485148514851,45.54455445544555,5.9405940594059405,31.683168316831683,48.51485148514851,19.801980198019802
GROUP1_VS_GROUP2_terrorism,76.76767676767676,22.22222222222222,1.0101010101010102,72.72727272727273,18.181818181818183,9.090909090909092,42.42424242424242,22.22222222222222,35.35353535353536
GROUP1_VS_GROUP2_Women_suppressed_bias,83.9622641509434,15.09433962264151,0.9433962264150944,83.9622641509434,11.320754716981133,4.716981132075472,44.339622641509436,16.037735849056602,39.62264150943396
GROUP1_VS_GROUP2_Religion,75.0,25.0,0.0,71.25,25.0,3.75,28.749999999999996,17.5,53.75
GROUP1_VS_GROUP2_backwards_or_anti_modern_bias,50.45871559633027,47.706422018348626,1.834862385321101,53.21100917431193,42.201834862385326,4.587155963302752,28.440366972477065,31.19266055045872,40.36697247706422
GROUP1_VS_GROUP2_entertainment_prompts,80.0,18.823529411764707,1.1764705882352942,81.17647058823529,17.647058823529413,1.1764705882352942,37.64705882352941,16.470588235294116,45.88235294117647