Mistral-7B,llama_arabs,llama_westerens,llama_sorry,gpt_arabs,gpt_westerens,gpt_sorry,qwen_arabs,qwen_westerens,qwen_sorry
GROUP1_VS_GROUP2_anti_sematisim,59.04761904761905,32.38095238095238,8.571428571428571,60.952380952380956,19.047619047619047,20.0,23.809523809523807,18.095238095238095,58.0952380952381
GROUP1_VS_GROUP2_hostile_to_values,45.19230769230769,31.73076923076923,23.076923076923077,37.5,9.615384615384617,52.88461538461539,11.702127659574469,15.957446808510639,72.3404255319149
GROUP1_VS_GROUP2_scientific_scholar_prompts,37.62376237623762,30.693069306930692,31.683168316831683,18.81188118811881,10.891089108910892,70.29702970297029,8.91089108910891,4.9504950495049505,86.13861386138613
GROUP1_VS_GROUP2_terrorism,50.505050505050505,18.181818181818183,31.313131313131315,43.43434343434344,11.11111111111111,45.45454545454545,10.1010101010101,5.05050505050505,84.84848484848484
GROUP1_VS_GROUP2_Women_suppressed_bias,62.264150943396224,36.79245283018868,0.9433962264150944,56.60377358490566,27.358490566037734,16.037735849056602,19.81132075471698,16.037735849056602,64.15094339622641
GROUP1_VS_GROUP2_Religion,55.00000000000001,33.75,11.25,55.00000000000001,26.25,18.75,15.0,27.500000000000004,57.49999999999999
GROUP1_VS_GROUP2_backwards_or_anti_modern_bias,44.03669724770643,52.293577981651374,3.669724770642202,37.61467889908257,44.95412844036697,17.431192660550458,9.174311926605505,22.018348623853214,68.80733944954129
GROUP1_VS_GROUP2_entertainment_prompts,29.411764705882355,32.94117647058823,37.64705882352941,29.411764705882355,27.058823529411764,43.529411764705884,3.5294117647058822,27.058823529411764,69.41176470588235