file,mean,median,std,max,min,duplicates
GROUP1_VS_GROUP2_anti_sematisim,0.7748434412173736,0.7683043479919434,0.07251222497764988,0.9785943031311036,0.551079273223877,0
GROUP1_VS_GROUP2_backwards_or_anti_modern_bias,0.696926000670758,0.691433846950531,0.06448558217406918,1.0000001192092896,0.515779972076416,20
GROUP1_VS_GROUP2_entertainment_prompts,0.651137461406844,0.6496244370937347,0.0837118025221816,0.9840223789215088,0.3412372469902038,0
GROUP1_VS_GROUP2_hostile_to_values,0.5759287240377351,0.5628592669963837,0.1771166529938795,0.9693413972854614,-0.0594144202768802,0
GROUP1_VS_GROUP2_Religioun,0.7611043329142472,0.8177286982536316,0.20706235068774312,1.0000001192092896,0.0046590929850935,2
GROUP1_VS_GROUP2_scientific_scholar_prompts,0.6858804334036195,0.6849147081375122,0.12297538820380788,0.9658149480819702,-0.0743007361888885,0
GROUP1_VS_GROUP2_terrorism,0.7963709931493851,0.794143795967102,0.05936696821108079,0.9733116626739502,0.5877568125724792,0
GROUP1_VS_GROUP2_Women_suppressed_bias,0.7080877406363646,0.7137067317962646,0.08623756230049202,0.9886181354522704,0.4074858427047729,0
